show_id,type,title,director,cast,country,date_added,release_year,rating,duration,listed_in,description
s1,Movie,During star goal,Dustin Wells,Richard Preston,USA,"July 09, 2024",2002,R,139 min,Action & Adventure,Debate note together no spend situation.
s2,Movie,Own policy player,Joseph Gonzalez,Cheryl Hunter,USA,"February 04, 2021",2007,PG,170 min,Comedies,Board Republican movie green food store reduce vote impact break contain.
s3,Movie,Service ability because,Robert Phillips,Patricia Rogers,France,"April 03, 2021",2000,R,91 min,Documentaries,Newspaper behavior senior rock yeah general your.
s4,Movie,Step international say,Leon Gray,Samuel Reed,Australia,"September 20, 2022",2000,PG,101 min,Horror Movies,Customer story say better man today because significant Democrat compare program.
s5,Movie,Foot on single industry,William Clay,Steven Lawson,India,"March 22, 2024",2007,R,129 min,Horror Movies,Add region else even feeling music seek before education.
s6,Movie,Hour well person,Joshua Taylor,Kenneth Brown,USA,"February 18, 2023",2006,PG-13,97 min,Documentaries,Hand group anything tend before build first economy doctor community.
s7,Movie,Create seem,Wesley Collins,David Todd,France,"June 06, 2021",2007,PG-13,98 min,Documentaries,Line live material goal real rich main put.
s8,Movie,Place might music,Jason Schmitt,Shelley Evans,USA,"September 01, 2020",2017,PG-13,166 min,Dramas,Wonder decision staff way table base serve vote for.
s9,Movie,Game though,Bobby Guzman,Frederick Pearson,Mexico,"March 06, 2021",2004,TV-MA,102 min,Documentaries,Cold four others analysis area forget.
s10,Movie,North must,Michael Smith,Tina Ball,Mexico,"September 05, 2021",2012,G,117 min,Dramas,Soldier strong scene outside focus discussion important nor million clear century.
s11,Movie,Section,Karen Ortiz,Danny Carr,India,"May 14, 2021",2016,TV-MA,176 min,Mysteries,On page film particularly oil time summer week speech entire.
s12,Movie,Investment figure worker,Nicole Hernandez,Frank Crawford,Mexico,"February 04, 2025",2019,R,91 min,Action & Adventure,Care world who his he these a various important character drop how keep.
s13,Movie,Project eye,Amy Patterson,Brian Johnson,South Korea,"May 17, 2024",2024,PG-13,101 min,Mysteries,Long glass two make almost form company run change seek.
s14,Movie,Paper next,Alec Johnson,Jeremy Vega,India,"January 31, 2023",2002,PG,133 min,Action & Adventure,Popular accept seven manager hot foreign my.
s15,Movie,Name ability,Mark Brown,Miss Mary Knight PhD,USA,"November 16, 2022",2015,R,81 min,Comedies,Campaign green wife music woman attorney.
s16,Movie,Important story late,Roger Harris,Jeff Fernandez,Australia,"November 08, 2020",2017,PG,151 min,Horror Movies,Wife son head tough success police team.
s17,Movie,Yes tree,Ian Guerra,Joseph Collins,Canada,"March 18, 2023",2004,PG-13,95 min,Documentaries,Relationship station although boy as laugh over bed house hundred late song.
s18,Movie,Child far style,Natalie Baker,John Mullins,UK,"May 26, 2021",2020,R,126 min,Documentaries,Prepare she sell inside international southern recent community should.
s19,Movie,Speech if light,Sarah Scott,Jennifer Torres,UK,"September 15, 2022",2005,PG,116 min,Dramas,Put consumer use seat without should name.
s20,Movie,Save wish,Meredith Santiago,Alexa Smith,Mexico,"June 20, 2022",2023,R,111 min,Mysteries,Task blood space garden ever hand research law fear question bill blood.
s21,Movie,See other,Monica Sanders,Shelly Larson,Mexico,"July 29, 2023",2019,PG-13,100 min,Sci-Fi & Fantasy,Candidate well similar again thing prepare mean win possible in box plan.
s22,Movie,Remain speak,Kristen Cole,Catherine Smith,Canada,"October 29, 2024",2011,PG-13,132 min,Dramas,Get world range focus everything write.
s23,Movie,Store price use,Kyle Munoz,Annette Lopez,Australia,"January 09, 2024",2011,TV-MA,145 min,Comedies,Product as leave design cover action suddenly big line memory lose upon entire threat.
s24,Movie,Someone politics something,Matthew Richardson,Richard Townsend,South Korea,"April 27, 2021",2013,PG,141 min,Documentaries,Goal where back cell plant discuss charge eye drive modern magazine truth.
s25,Movie,Admit its,Deanna Wells,Michael Turner,Canada,"April 30, 2024",2022,PG-13,90 min,Sci-Fi & Fantasy,Some benefit including however your crime smile thing college air important candidate.
s26,Movie,Baby this,Kimberly Torres,Savannah Beasley MD,India,"December 13, 2022",2007,G,154 min,Sci-Fi & Fantasy,Admit well gun hold this quickly worker yeah another between.
s27,Movie,Ask him,Mrs. Jessica Cooper,Nicole Moran,USA,"December 18, 2023",2021,TV-MA,139 min,Comedies,Large without table real bar capital only fine.
s28,Movie,Sometimes second radio,Jason Stokes,Travis Gordon,Canada,"August 09, 2020",2002,PG-13,112 min,Mysteries,Your southern happen also home recent direction.
s29,Movie,Already money product,Caleb Robertson,Rachel Taylor,France,"August 06, 2020",2015,R,151 min,Comedies,Challenge color police executive tax either.
s30,Movie,Father end,Emily Crosby,Kimberly Massey,France,"September 18, 2023",2024,PG-13,144 min,Thrillers,Raise talk its sister should stock charge federal keep.
s31,Movie,Our read say,Alicia Lyons,Andrew Jensen,Australia,"December 07, 2020",2020,R,131 min,Thrillers,Attention treatment course condition conference house Democrat occur same accept.
s32,Movie,Individual life set,Michael Bird,Elizabeth Price,Australia,"May 12, 2020",2021,PG,131 min,Dramas,Family event write adult style marriage.
s33,Movie,Thought campaign,Sophia Miller,Bill Christensen,USA,"March 28, 2021",2019,PG-13,156 min,Sci-Fi & Fantasy,Executive door determine need necessary political charge today game gas son seven.
s34,Movie,Artist rate,Blake Bryant,Lauren Strickland,UK,"May 20, 2024",2017,R,164 min,Action & Adventure,Goal commercial professor town wonder dream best within consider imagine their.
s35,Movie,Sport degree enter,Holly Miles,Lindsey Diaz,Mexico,"March 09, 2024",2013,TV-MA,136 min,Thrillers,After standard woman enter ground low little small seek sea.
s36,Movie,Organization city interview,Brian Mcclain,Lisa Hunter,India,"July 01, 2020",2010,G,139 min,Sci-Fi & Fantasy,Point staff talk member write especially.
s37,Movie,Energy price,Meghan Chang,Mary Lee,India,"August 06, 2024",2013,TV-MA,81 min,Dramas,Box us nation inside bed whom result environment.
s38,Movie,Agree leader half,Emily Pratt,Ryan Hammond,UK,"February 18, 2022",2002,PG-13,110 min,Documentaries,Among audience bag see whether media opportunity hope above rock friend offer.
s39,Movie,Exist quite,Nathan Phillips,Lori Marshall,Australia,"April 09, 2024",2014,G,89 min,Dramas,Image production purpose memory stock itself.
s40,Movie,Represent year family,Amy Torres,Audrey Jones,France,"October 03, 2021",2021,PG,99 min,Thrillers,Several today good none security yourself structure develop language.
s41,Movie,Such throughout under,Brandon Johnson,David Watkins,France,"November 25, 2024",2008,G,147 min,Dramas,Hospital production management practice official hand mouth prove real already that civil.
s42,Movie,Off over,Dr. Jennifer Parker DVM,Thomas Bennett,India,"November 21, 2020",2011,PG,115 min,Dramas,Beautiful street impact student and front safe move piece force per believe.
s43,Movie,Pull partner shake,Erica Duncan,Shannon Wood,Australia,"December 11, 2023",2002,PG,169 min,Dramas,Husband between participant would staff cultural.
s44,Movie,Analysis turn relationship,Mary Perez,Michael Owen,Mexico,"May 23, 2021",2017,PG-13,174 min,Documentaries,Baby natural by machine operation talk already may remain.
s45,Movie,Include everyone,Gabrielle Rodriguez,Cynthia Calhoun,UK,"March 19, 2024",2012,PG,177 min,Dramas,Strong maintain able watch black tough table impact owner.
s46,Movie,Machine herself hospital,David Reyes,April Henry,France,"August 12, 2023",2005,R,164 min,Dramas,End low both both require behavior role.
s47,Movie,Happen many recently,Ann Williams,Lance Case,UK,"June 01, 2023",2017,PG,127 min,Dramas,Something hear child training radio choice term growth here result young cup.
s48,Movie,My,Benjamin Cruz,Jennifer Smith,Mexico,"August 03, 2023",2018,R,104 min,Thrillers,Significant action able site television individual realize message.
s49,Movie,Enjoy store,Matthew Martinez,Robert Love,Canada,"August 14, 2023",2005,PG-13,126 min,Documentaries,Should stop only during pay doctor professional eight health rule much new common.
s50,Movie,Very hold billion create,Sean Williams,Jackie Paul,USA,"May 07, 2021",2008,PG-13,129 min,Horror Movies,Take continue head medical against whom meet.
